{
    "mvfst": [
        1982.649
    ],
    "aioquic": [
        2822.016,
        2783.727,
        2769.606,
        2959.789,
        2674.914,
        2599.626,
        2717.868,
        2710.881,
        2708.183,
        3085.915,
        2617.452,
        2774.245,
        2774.839,
        2679.128,
        3354.395,
        2654.009,
        2791.832,
        4118.655,
        2644.268
    ],
    "ngtcp2": [
        2328,
        2598,
        2424,
        2466,
        2436,
        2418,
        2550,
        2476,
        2450,
        2436,
        2594,
        2668,
        2997,
        2554,
        2417,
        2700,
        2990,
        2668,
        2904
    ],
    "quiche": [
        2790,
        2020,
        1952,
        2484,
        2345,
        2128,
        2466,
        2374,
        2172,
        2464,
        2251,
        2201,
        2425,
        2392,
        2615,
        2503,
        2380,
        2624,
        2244
    ],
    "picoquic": [
        2382.377,
        2508.456,
        2354.4559999999997,
        2536.463,
        2331.6380000000004,
        2209.0,
        2546.201,
        2133.891,
        2435.3979999999997,
        2272.607,
        2402.841,
        2265.2929999999997,
        2428.6960000000004,
        2497.092,
        2492.755,
        2167.9790000000003,
        2086.7949999999996,
        2336.862,
        2126.048
    ]
}